{"cameraMode":{"drawMode":0,"name":"Shaded","section":"Shading Mode"},"sceneLighting":true,"audioPlay":false,"sceneViewState":{"showFog":true,"showMaterialUpdate":false,"showSkybox":true,"showFlares":true,"showImageEffects":true,"showParticleSystems":true},"in2DMode":false,"pivot":{"x":91.33927917480469,"y":151.71380615234376,"z":56.04864501953125},"rotation":{"x":0.11969247460365296,"y":0.7073647975921631,"z":-0.12346029281616211,"w":0.6856456995010376},"size":3.5924179553985597,"orthographic":false}